/*
 Navicat Premium Data Transfer

 Source Server         : first
 Source Server Type    : MySQL
 Source Server Version : 50734
 Source Host           : 127.0.0.1:3306
 Source Schema         : AcsCtl

 Target Server Type    : MySQL
 Target Server Version : 50734
 File Encoding         : 65001

 Date: 08/06/2021 19:50:21
*/

SET NAMES utf8mb4;
SET FOREIGN_KEY_CHECKS = 0;

-- ----------------------------
-- Table structure for admin
-- ----------------------------
DROP TABLE IF EXISTS `admin`;
CREATE TABLE `admin` (
  `username` varchar(255) NOT NULL,
  `password` varchar(255) DEFAULT NULL,
  PRIMARY KEY (`username`)
) ENGINE=InnoDB DEFAULT CHARSET=utf8mb4;

-- ----------------------------
-- Records of admin
-- ----------------------------
BEGIN;
INSERT INTO `admin` VALUES ('admin', '123456');
INSERT INTO `admin` VALUES ('admin1', '123456');
COMMIT;

-- ----------------------------
-- Table structure for admin_device
-- ----------------------------
DROP TABLE IF EXISTS `admin_device`;
CREATE TABLE `admin_device` (
  `id` int(11) unsigned NOT NULL AUTO_INCREMENT,
  `username` varchar(255) DEFAULT NULL,
  `did` int(11) unsigned DEFAULT NULL,
  PRIMARY KEY (`id`),
  KEY `username` (`username`),
  KEY `did` (`did`),
  CONSTRAINT `admin_device_ibfk_1` FOREIGN KEY (`username`) REFERENCES `admin` (`username`),
  CONSTRAINT `admin_device_ibfk_2` FOREIGN KEY (`did`) REFERENCES `device` (`id`)
) ENGINE=InnoDB AUTO_INCREMENT=11 DEFAULT CHARSET=utf8mb4;

-- ----------------------------
-- Records of admin_device
-- ----------------------------
BEGIN;
INSERT INTO `admin_device` VALUES (9, 'admin1', 2);
INSERT INTO `admin_device` VALUES (10, 'admin1', 3);
COMMIT;

-- ----------------------------
-- Table structure for device
-- ----------------------------
DROP TABLE IF EXISTS `device`;
CREATE TABLE `device` (
  `id` int(11) unsigned NOT NULL AUTO_INCREMENT,
  `name` varchar(255) DEFAULT NULL,
  `location` varchar(255) DEFAULT NULL,
  `state` varchar(255) DEFAULT NULL,
  PRIMARY KEY (`id`),
  KEY `id` (`id`)
) ENGINE=InnoDB AUTO_INCREMENT=7 DEFAULT CHARSET=utf8mb4;

-- ----------------------------
-- Records of device
-- ----------------------------
BEGIN;
INSERT INTO `device` VALUES (2, 'west_1_in', '西门-1号闸机-出', 'stop');
INSERT INTO `device` VALUES (3, 'face_recognition', '南门-1号闸机-入', 'stop');
INSERT INTO `device` VALUES (5, 'east_1_out', '东门-1号闸机-出', 'stop');
COMMIT;

-- ----------------------------
-- Table structure for records
-- ----------------------------
DROP TABLE IF EXISTS `records`;
CREATE TABLE `records` (
  `id` int(11) unsigned NOT NULL AUTO_INCREMENT,
  `uid` int(11) unsigned DEFAULT NULL,
  `did` int(11) unsigned DEFAULT NULL,
  `temp` float(11,2) DEFAULT NULL,
  `time` datetime DEFAULT NULL,
  PRIMARY KEY (`id`),
  KEY `uid` (`uid`),
  KEY `did` (`did`),
  CONSTRAINT `records_ibfk_1` FOREIGN KEY (`uid`) REFERENCES `user` (`id`),
  CONSTRAINT `records_ibfk_2` FOREIGN KEY (`did`) REFERENCES `device` (`id`)
) ENGINE=InnoDB AUTO_INCREMENT=135 DEFAULT CHARSET=utf8mb4;

-- ----------------------------
-- Records of records
-- ----------------------------
BEGIN;
INSERT INTO `records` VALUES (35, 2, 3, 25.47, '2021-05-26 09:56:09');
INSERT INTO `records` VALUES (36, 2, 3, 25.29, '2021-05-26 09:56:11');
INSERT INTO `records` VALUES (37, 2, 3, 28.43, '2021-05-26 09:56:12');
INSERT INTO `records` VALUES (38, 2, 3, 25.43, '2021-05-26 09:56:13');
INSERT INTO `records` VALUES (39, 2, 3, 25.37, '2021-05-26 09:56:14');
INSERT INTO `records` VALUES (40, 2, 3, 25.43, '2021-05-26 09:56:18');
INSERT INTO `records` VALUES (41, 2, 3, 29.55, '2021-05-26 09:56:19');
INSERT INTO `records` VALUES (42, 2, 3, 25.37, '2021-05-26 09:56:33');
INSERT INTO `records` VALUES (43, 2, 3, 25.63, '2021-05-26 09:56:34');
INSERT INTO `records` VALUES (44, 2, 3, 35.69, '2021-05-26 09:56:35');
INSERT INTO `records` VALUES (45, 2, 3, 25.59, '2021-05-26 09:56:37');
INSERT INTO `records` VALUES (46, 2, 3, 25.53, '2021-05-26 09:56:38');
INSERT INTO `records` VALUES (47, 2, 3, 25.67, '2021-05-26 09:56:39');
INSERT INTO `records` VALUES (48, 2, 3, 25.55, '2021-05-26 09:56:40');
INSERT INTO `records` VALUES (49, 2, 3, 25.47, '2021-05-26 09:56:41');
INSERT INTO `records` VALUES (50, 2, 3, 25.53, '2021-05-26 09:56:42');
INSERT INTO `records` VALUES (51, 2, 3, 25.75, '2021-05-26 09:56:44');
INSERT INTO `records` VALUES (52, 2, 3, 25.63, '2021-05-26 09:56:47');
INSERT INTO `records` VALUES (53, 2, 3, 25.53, '2021-05-26 09:56:48');
INSERT INTO `records` VALUES (54, 2, 3, 36.53, '2021-05-26 09:56:52');
INSERT INTO `records` VALUES (55, 2, 3, 25.59, '2021-05-26 09:57:05');
INSERT INTO `records` VALUES (56, 2, 3, 25.59, '2021-05-26 09:57:08');
INSERT INTO `records` VALUES (57, 2, 3, 25.69, '2021-05-26 09:57:48');
INSERT INTO `records` VALUES (58, 2, 3, 25.69, '2021-05-26 09:57:51');
INSERT INTO `records` VALUES (59, 2, 3, 35.55, '2021-05-26 09:57:53');
INSERT INTO `records` VALUES (60, 2, 3, 25.55, '2021-05-26 09:57:55');
INSERT INTO `records` VALUES (61, 2, 3, 25.55, '2021-05-26 09:57:57');
INSERT INTO `records` VALUES (62, 2, 3, 25.73, '2021-05-26 09:58:01');
INSERT INTO `records` VALUES (63, 2, 3, 38.87, '2021-05-26 09:58:04');
INSERT INTO `records` VALUES (64, 2, 3, 25.69, '2021-05-26 09:58:05');
INSERT INTO `records` VALUES (65, 2, 3, 25.69, '2021-05-26 10:03:38');
INSERT INTO `records` VALUES (66, 2, 3, 25.61, '2021-05-26 10:03:40');
INSERT INTO `records` VALUES (67, 2, 3, 25.67, '2021-05-26 10:03:42');
INSERT INTO `records` VALUES (68, 2, 3, 35.63, '2021-05-26 10:03:44');
INSERT INTO `records` VALUES (69, 2, 3, 25.53, '2021-05-26 10:03:48');
INSERT INTO `records` VALUES (70, 2, 3, 25.69, '2021-05-26 10:04:02');
INSERT INTO `records` VALUES (71, 2, 3, 25.75, '2021-05-26 10:04:43');
INSERT INTO `records` VALUES (72, 2, 3, 33.87, '2021-05-26 10:04:54');
INSERT INTO `records` VALUES (73, 2, 3, 25.75, '2021-05-26 10:05:01');
INSERT INTO `records` VALUES (74, 2, 3, 25.97, '2021-05-26 10:05:20');
INSERT INTO `records` VALUES (75, 2, 3, 25.73, '2021-05-26 10:05:50');
INSERT INTO `records` VALUES (76, 2, 3, 26.05, '2021-05-26 10:05:55');
INSERT INTO `records` VALUES (77, 2, 3, 25.85, '2021-05-26 10:06:39');
INSERT INTO `records` VALUES (78, 2, 3, 25.85, '2021-05-26 10:06:40');
INSERT INTO `records` VALUES (79, 2, 3, 24.89, '2021-05-26 10:07:03');
INSERT INTO `records` VALUES (80, 2, 3, 24.29, '2021-05-28 15:06:54');
INSERT INTO `records` VALUES (81, 2, 3, 24.35, '2021-05-28 15:06:58');
INSERT INTO `records` VALUES (82, 2, 3, 38.21, '2021-05-28 15:07:09');
INSERT INTO `records` VALUES (83, 2, 3, 24.23, '2021-05-28 15:07:22');
INSERT INTO `records` VALUES (84, 2, 3, 37.41, '2021-05-28 15:07:30');
INSERT INTO `records` VALUES (85, 2, 3, 24.51, '2021-05-28 15:07:34');
INSERT INTO `records` VALUES (86, 2, 3, 24.45, '2021-05-28 15:07:38');
INSERT INTO `records` VALUES (87, 2, 3, 27.15, '2021-06-03 16:44:22');
INSERT INTO `records` VALUES (88, 2, 3, 26.91, '2021-06-03 16:44:26');
INSERT INTO `records` VALUES (89, 2, 3, 26.99, '2021-06-03 16:44:35');
INSERT INTO `records` VALUES (90, 2, 3, 26.97, '2021-06-03 16:44:59');
INSERT INTO `records` VALUES (91, 2, 3, 27.17, '2021-06-03 16:45:03');
INSERT INTO `records` VALUES (92, 2, 3, 27.21, '2021-06-03 16:45:07');
INSERT INTO `records` VALUES (93, 2, 3, 27.05, '2021-06-03 16:45:17');
INSERT INTO `records` VALUES (94, 3, 3, 26.61, '2021-06-03 17:05:45');
INSERT INTO `records` VALUES (95, 3, 3, 27.09, '2021-06-03 17:05:49');
INSERT INTO `records` VALUES (96, 2, 3, 27.11, '2021-06-05 08:33:10');
INSERT INTO `records` VALUES (97, 2, 3, 27.25, '2021-06-05 08:33:16');
INSERT INTO `records` VALUES (98, 2, 3, 26.99, '2021-06-05 08:33:21');
INSERT INTO `records` VALUES (99, 2, 3, 27.21, '2021-06-05 08:33:34');
INSERT INTO `records` VALUES (100, 2, 3, 27.29, '2021-06-05 08:34:03');
INSERT INTO `records` VALUES (101, 2, 3, 27.05, '2021-06-05 08:34:07');
INSERT INTO `records` VALUES (102, 2, 3, 27.75, '2021-06-05 08:37:02');
INSERT INTO `records` VALUES (103, 2, 3, 37.87, '2021-06-05 08:37:06');
INSERT INTO `records` VALUES (104, 2, 3, 30.09, '2021-06-05 08:38:39');
INSERT INTO `records` VALUES (105, 3, 3, 30.99, '2021-06-05 08:39:48');
INSERT INTO `records` VALUES (106, 3, 3, 29.89, '2021-06-05 08:40:12');
INSERT INTO `records` VALUES (107, 2, 3, 29.77, '2021-06-05 08:40:25');
INSERT INTO `records` VALUES (108, 3, 3, 27.87, '2021-06-05 08:44:56');
INSERT INTO `records` VALUES (109, 2, 3, 28.75, '2021-06-05 08:51:25');
INSERT INTO `records` VALUES (110, 2, 3, 28.01, '2021-06-05 08:51:35');
INSERT INTO `records` VALUES (111, 2, 3, 27.99, '2021-06-05 08:51:45');
INSERT INTO `records` VALUES (112, 2, 3, 29.15, '2021-06-05 08:51:59');
INSERT INTO `records` VALUES (113, 2, 3, 28.59, '2021-06-05 08:53:18');
INSERT INTO `records` VALUES (114, 2, 3, 27.87, '2021-06-05 09:08:08');
INSERT INTO `records` VALUES (115, 2, 3, 27.03, '2021-06-05 09:13:51');
INSERT INTO `records` VALUES (116, 2, 3, 28.85, '2021-06-05 09:16:42');
INSERT INTO `records` VALUES (117, 2, 3, 28.31, '2021-06-05 09:16:50');
INSERT INTO `records` VALUES (118, 2, 3, 27.93, '2021-06-05 09:17:44');
INSERT INTO `records` VALUES (119, 2, 3, 28.71, '2021-06-05 09:19:15');
INSERT INTO `records` VALUES (120, 3, 3, 30.67, '2021-06-08 19:45:35');
INSERT INTO `records` VALUES (121, 3, 3, 30.47, '2021-06-08 19:45:39');
INSERT INTO `records` VALUES (122, 3, 3, 30.45, '2021-06-08 19:45:43');
INSERT INTO `records` VALUES (123, 3, 3, 30.63, '2021-06-08 19:45:47');
INSERT INTO `records` VALUES (124, 3, 3, 33.51, '2021-06-08 19:45:51');
INSERT INTO `records` VALUES (125, 3, 3, 34.09, '2021-06-08 19:45:55');
INSERT INTO `records` VALUES (126, 3, 3, 29.43, '2021-06-08 19:45:59');
INSERT INTO `records` VALUES (127, 3, 3, 29.03, '2021-06-08 19:46:03');
INSERT INTO `records` VALUES (128, 3, 3, 29.37, '2021-06-08 19:46:07');
INSERT INTO `records` VALUES (129, 3, 3, 32.89, '2021-06-08 19:46:23');
INSERT INTO `records` VALUES (130, 3, 3, 31.25, '2021-06-08 19:46:29');
INSERT INTO `records` VALUES (131, 3, 3, 32.41, '2021-06-08 19:46:55');
INSERT INTO `records` VALUES (132, 3, 3, 31.33, '2021-06-08 19:46:59');
INSERT INTO `records` VALUES (133, 3, 3, 31.63, '2021-06-08 19:47:03');
INSERT INTO `records` VALUES (134, 3, 3, 31.61, '2021-06-08 19:47:07');
COMMIT;

-- ----------------------------
-- Table structure for user
-- ----------------------------
DROP TABLE IF EXISTS `user`;
CREATE TABLE `user` (
  `id` int(11) unsigned NOT NULL AUTO_INCREMENT COMMENT '用户唯一id',
  `name` varchar(255) DEFAULT NULL COMMENT '姓名',
  `facefeature` json DEFAULT NULL COMMENT '存储特征信息',
  `image` varchar(255) DEFAULT NULL COMMENT '存储图片二进制流',
  `flag` int(1) DEFAULT '0' COMMENT '注销标志，1:注销,0:正常',
  `time` datetime DEFAULT NULL ON UPDATE CURRENT_TIMESTAMP,
  PRIMARY KEY (`id`) USING BTREE
) ENGINE=InnoDB AUTO_INCREMENT=6 DEFAULT CHARSET=utf8mb4;

-- ----------------------------
-- Records of user
-- ----------------------------
BEGIN;
INSERT INTO `user` VALUES (2, '徐某某', '{\"feature\": [2.1875, -0.96728515625, 0.245849609375, 1.2353515625, 2.390625, -1.0888671875, 0.08367919921875, 0.96923828125, 1.8115234375, 1.078125, 1.1708984375, -0.76904296875, -0.47705078125, 0.65087890625, -2.607421875, -0.2103271484375, -0.30078125, 1.3134765625, 0.80908203125, 1.30078125, 1.5322265625, 2.234375, 0.728515625, -0.9326171875, -0.12017822265625, -1.1640625, -0.68115234375, 0.3662109375, 1.056640625, 2.931640625, 0.091796875, 0.435546875, -1.623046875, 3.181640625, 0.11077880859375, 0.21240234375, -0.69287109375, -1.1650390625, -0.70263671875, 0.396484375, -1.21875, 0.794921875, -0.068115234375, 0.466552734375, 0.1463623046875, -0.7412109375, -1.69921875, -0.734375, -0.90869140625, 1.4052734375, -0.431884765625, 1.0859375, 1.1064453125, 0.810546875, -0.24169921875, -0.95751953125, -0.578125, -0.1383056640625, 0.41357421875, 0.90478515625, 1.2548828125, -0.23779296875, -0.2276611328125, -0.30908203125, 0.2509765625, -2.111328125, -1.2294921875, -0.11578369140625, -0.417236328125, -0.154296875, -0.251708984375, 0.296630859375, 1.48828125, -0.39794921875, -0.398193359375, -1.876953125, 3.375, 2.216796875, -0.50537109375, 0.162841796875, -0.74365234375, 1.0341796875, -1.669921875, -0.2900390625, 1.017578125, 0.1480712890625, 1.3720703125, -1.0654296875, -1.1005859375, -0.30078125, -1.1611328125, -0.37158203125, 0.0233917236328125, 0.3291015625, 0.376708984375, 0.05706787109375, -0.0474853515625, -1.564453125, -0.36328125, -1.0048828125, 0.6220703125, -0.6357421875, 1.341796875, 0.64111328125, 1.15234375, 1.421875, 0.2861328125, -1.1328125, 0.2384033203125, -1.3359375, 0.1973876953125, 1.1181640625, -0.319580078125, -0.5126953125, -0.96630859375, -0.03741455078125, 0.6591796875, 0.01445770263671875, 0.273681640625, 0.56689453125, 0.26904296875, 0.445068359375, -0.08349609375, 3.21484375, -0.9130859375, 0.2027587890625, 0.60400390625, 0.63232421875, 0.0594482421875, -0.484130859375, 0.94921875, 0.2462158203125, 1.5166015625, -1.201171875, 1.6923828125, 0.296142578125, 2.16015625, 0.37841796875, 0.517578125, 1.328125, -2.3046875, 0.88525390625, 1.3544921875, 0.2744140625, -0.02935791015625, -1.5546875, 0.2158203125, -0.1378173828125, -0.372802734375, -0.01751708984375, -0.8759765625, 0.89453125, -1.142578125, -0.599609375, 1.3447265625, 0.456787109375, -1.1005859375, -1.28515625, -0.0670166015625, -1.36328125, -1.0078125, 1.2783203125, -0.76904296875, 1.1875, -2.33984375, 0.1552734375, 0.76953125, 0.233154296875, -0.1854248046875, 2.150390625, 2.10546875, -1.001953125, -0.5556640625, -1.3154296875, 0.47412109375, 0.6689453125, 0.450439453125, 0.0789794921875, 2.216796875, -0.85791015625, 1.181640625, -1.0478515625, -0.2310791015625, 1.0107421875, 1.087890625, 0.94140625, 1.7578125, -1.4306640625, 0.448974609375, 0.10809326171875, 0.020294189453125, -0.1947021484375, 0.84912109375, 1.4775390625, -1.322265625, -0.371826171875, -0.278076171875, -0.96630859375, -0.84619140625, -1.4677734375, -0.70068359375, 0.2257080078125, 1.880859375, -0.56591796875, 0.4384765625, -0.34619140625, 0.56689453125, 0.73193359375, 0.1048583984375, -1.884765625, -0.2978515625, 0.306396484375, 0.498291015625, -0.391357421875, -1.37109375, -1.2568359375, -1.6259765625, -0.748046875, 0.492431640625, 1.4736328125, -0.4755859375, 1.87890625, 0.9482421875, -1.978515625, -1.9208984375, 3.572265625, 1.232421875, 1.1552734375, 1.599609375, -0.324462890625, -0.97021484375, 0.177001953125, -0.57421875, 1.7685546875, -0.728515625, 0.98583984375, 0.65283203125, 0.1943359375, -1.08984375, 1.21875, 1.4755859375, -0.5478515625, -1.4453125, -0.7333984375, -1.1171875, 0.5185546875, -0.2802734375, 2.17578125, -0.611328125, 0.33544921875, -1.45703125, 0.90283203125, -1.6201171875, 2.109375, -0.7890625, -0.359619140625, 1.5244140625, -0.92724609375, 0.8203125, -0.220458984375, -1.498046875, 0.640625, -1.189453125, 0.1632080078125, -1.3095703125, -1.154296875, 0.477783203125, 1.6181640625, 0.4423828125, -0.54296875, 0.457763671875, 0.1253662109375, -0.76806640625, -0.60595703125, -0.72705078125, 1.8232421875, 0.08453369140625, -0.931640625, 0.55859375, 0.7197265625, 0.66064453125, -1.908203125, -0.296630859375, 2.015625, 0.97412109375, 0.127685546875, 0.8212890625, 0.677734375, 1.044921875, -0.53662109375, -0.86767578125, 1.3125, 0.04925537109375, -0.0655517578125, 0.83056640625, 1.490234375, -0.042388916015625, 0.300048828125, -0.998046875, 0.062225341796875, -0.515625, -0.380126953125, 1.2333984375, -0.14306640625, 1.0205078125, -0.152587890625, 1.478515625, -0.1396484375, -0.44482421875, -0.85791015625, 0.98779296875, -0.01001739501953125, 0.50537109375, -0.8818359375, 0.65283203125, -1.5126953125, -1.078125, -0.87451171875, 1.958984375, -1.46875, -0.7099609375, 0.2120361328125, -1.33984375, -0.6015625, -0.720703125, -1.4384765625, -0.84814453125, -0.9765625, -1.6337890625, -0.2724609375, 2.162109375, 0.138916015625, 2.521484375, -0.240478515625, -2.0703125, 1.2548828125, 0.30224609375, -1.318359375, -0.43603515625, -0.83056640625, -0.53173828125, -1.9599609375, 0.615234375, -1.28515625, 0.75537109375, 0.76708984375, -1.400390625, 0.270751953125, -0.01507568359375, -0.55712890625, 0.2105712890625, 0.9990234375, -0.024810791015625, -0.447021484375, -0.947265625, 0.6650390625, -0.20263671875, 1.23046875, 0.8212890625, 1.0595703125, -0.64794921875, -0.87158203125, 0.258056640625, 0.449462890625, -1.2626953125, 0.51904296875, -0.556640625, -0.6533203125, 1.044921875, -1.83984375, -1.9482421875, 0.5048828125, 1.677734375, -0.1011962890625, -0.732421875, -0.83056640625, -0.01406097412109375, -0.884765625, -1.0615234375, -0.403076171875, 0.42431640625, -1.51953125, 0.71240234375, -1.7666015625, -0.210693359375, 1.4365234375, -1.7568359375, 0.1322021484375, -0.9169921875, -1.6337890625, 0.853515625, 0.99609375, -0.54443359375, -0.72900390625, -1.7265625, 0.6875, -0.376220703125, 0.31298828125, -0.03863525390625, 0.1578369140625, -0.09893798828125, -0.75341796875, 0.953125, 0.003376007080078125, 0.249755859375, 0.479248046875, -0.77490234375, 0.11578369140625, -0.12481689453125, -0.51904296875, -0.779296875, 0.210693359375, 0.2578125, -0.806640625, -0.33203125, -0.0004925727844238281, 1.3408203125, 0.68359375, 0.625, 0.44287109375, -0.890625, -0.06304931640625, -0.94970703125, 0.9833984375, 0.802734375, -1.447265625, 0.8369140625, -0.0208587646484375, 1.017578125, -0.42041015625, 1.099609375, 1.4853515625, 0.29296875, -2.31640625, -0.1683349609375, 2.0546875, 0.09136962890625, 0.407470703125, 0.4580078125, -1.01953125, 0.7060546875, 0.6748046875, 1.5048828125, 0.048248291015625, -0.10711669921875, 0.92724609375, -0.0574951171875, -1.201171875, -0.31591796875, -1.2021484375, 0.9287109375, 0.021697998046875, 0.76904296875, -0.708984375, 0.79638671875, 0.5380859375, 0.84814453125, -0.1630859375, -0.31494140625, 0.2098388671875, 0.56982421875, -0.18994140625, -0.01419830322265625, -0.0306243896484375, -1.8505859375, -0.9482421875, 1.5439453125, -0.96142578125, 0.18603515625, -0.4404296875, -0.8486328125, -0.0557861328125, -0.2352294921875, 0.69677734375, -0.019439697265625, 0.81884765625, 1.3388671875, 0.6494140625, -0.6298828125, -0.2734375, 2.248046875, 0.1348876953125, 0.34326171875, -1.7919921875, -0.998046875, -1.943359375, -0.038177490234375, 0.1351318359375, -2.0078125, -1.873046875, 0.8271484375, 0.419189453125, 0.44580078125, 1.6044921875, -1.3994140625, -1.0009765625, -0.112060546875, 0.51611328125, 1.162109375, -0.98388671875, -0.297607421875, 0.23388671875, -0.405517578125, 0.30419921875, 0.151123046875, -0.456298828125, -0.1832275390625, 0.17236328125, -0.1793212890625, 0.30517578125, -0.150634765625, 0.5966796875, 0.0784912109375, -0.5380859375, -0.89892578125, -0.050201416015625, 0.2958984375, -0.040374755859375, -0.75537109375, 0.431884765625, -0.2274169921875, -0.398681640625, 0.537109375, 0.1971435546875, 0.309326171875, 0.080078125, -0.6953125, -0.2144775390625, -0.0867919921875, 0.318603515625, 0.043243408203125, 0.481201171875, -0.419921875, 0.1290283203125, 0.1231689453125, -0.08612060546875, 0.716796875, 0.252197265625, 0.1451416015625, -0.50244140625, -0.07342529296875, 0.94580078125, 0.05096435546875, -0.70361328125, -0.8095703125, -0.222412109375, 0.09698486328125, 0.071533203125, -0.43212890625, 0.1895751953125, -1.212890625, -0.287353515625, -0.397216796875, 0.53369140625, 0.06329345703125, -0.322998046875, 0.00870513916015625, -0.45849609375, 0.462646484375, 0.57861328125, 0.5107421875, -0.392578125, -0.5751953125, 0.42236328125, 0.64892578125, 0.040008544921875, -0.12066650390625, -0.1756591796875, -0.06927490234375, -0.2386474609375, -0.2474365234375, -0.859375, -0.67919921875, 0.384521484375, -1.0166015625, 0.0654296875, -0.25341796875, 0.2138671875, -0.58251953125, -0.49169921875, -0.62060546875, 0.37109375, -0.35498046875, -0.02581787109375, 0.06402587890625, 0.60205078125, -0.30712890625, -0.1829833984375, -0.253662109375, 0.30224609375, -0.75390625, -0.376220703125, -0.233154296875, -0.650390625, -0.615234375, 0.1253662109375, -0.203369140625, -0.037567138671875, -0.1822509765625, -0.87255859375, 0.73828125, -0.341064453125, -0.546875, 0.513671875, -0.1505126953125, 0.7080078125, 1.119140625, -0.8076171875, 0.255615234375, 0.18408203125, 0.07745361328125, -0.61279296875, -0.13037109375, 0.3388671875, -0.142333984375, 0.292236328125, 0.57275390625, 0.399169921875, -0.01047515869140625, -0.2177734375, 0.1873779296875, -0.43310546875, -0.1966552734375, -0.701171875, -0.39306640625, 0.1181640625, 0.25146484375, -0.151123046875, -0.3603515625, -0.322021484375, -0.6318359375, -0.822265625, 0.278564453125, -0.70654296875, 0.13232421875, 0.3994140625, -0.437255859375, 0.99853515625, 0.34814453125, 0.01230621337890625, 0.412841796875, -0.488037109375, 0.17529296875, 0.202392578125, 0.56396484375, 0.74072265625, 0.463134765625, -0.49072265625, 0.49169921875, -0.1531982421875, -0.384765625, 0.022918701171875, -0.098388671875, -0.36669921875, 0.1259765625, 0.000804901123046875, 0.332763671875, -0.336669921875, -0.306640625, 0.00981903076171875, -0.9794921875, 0.301025390625, 0.37646484375, -0.345458984375, 0.09234619140625, -0.04681396484375, 0.681640625, -0.72021484375, -0.147705078125, 0.430419921875, 0.0140228271484375, -0.69921875, 0.224609375, -0.04510498046875, 0.1290283203125, -0.74267578125, 0.2015380859375, 0.12078857421875, -0.6484375, 0.29052734375, -0.38134765625, 0.238525390625, -0.267333984375, 0.13525390625, 0.00896453857421875, 0.1307373046875, -0.8818359375, 0.005878448486328125, 0.51171875, -0.56689453125, -0.2318115234375, 0.77783203125, 0.0024852752685546875, -0.00305938720703125, -0.309814453125, -0.5439453125, 0.465087890625, -0.420654296875, -0.224853515625, -0.16357421875, -0.134521484375, 0.1318359375, -0.79443359375, -0.5927734375, 0.646484375, -0.7392578125, 0.215087890625, -0.388671875, 0.340576171875, 0.322998046875, -0.0789794921875, -0.822265625, -0.0960693359375, 0.1431884765625, -0.33837890625, 0.96240234375, 0.75537109375, 0.708984375, 1.1103515625, 0.9775390625, -0.59375, 0.19287109375, 0.402587890625, -0.2205810546875, 0.260498046875, -0.2135009765625, -0.156982421875, 0.23828125, -0.0178680419921875, 0.6845703125, -0.095703125, 0.11944580078125, 0.60009765625, -0.031494140625, 0.42236328125, -0.016357421875, 0.2060546875, -0.67529296875, 0.1578369140625, -0.6171875, -0.35400390625, -1.2822265625, -0.204345703125, -0.58984375, -0.0880126953125, -0.1568603515625, -0.76220703125, -0.171875, -0.137939453125, -0.214599609375, -0.23095703125, 0.0126800537109375, -0.1727294921875, 0.38720703125, -0.8046875, 0.75830078125, 0.03485107421875, -0.8701171875, 0.70166015625, -0.320556640625, -0.383056640625, 0.966796875, -0.148193359375, 0.76416015625, -0.10687255859375, 0.15966796875, -0.08740234375, -0.034332275390625, 0.12890625, -0.1485595703125, 0.157470703125, -1.2119140625, -0.94140625, 0.0002887248992919922, 0.2010498046875, -0.191162109375, 0.0518798828125, 0.395751953125, 0.3662109375, -0.0203399658203125, -0.03851318359375, 0.1680908203125, 0.033660888671875, 0.4287109375, -0.0083465576171875, -0.29345703125, -0.07568359375, 0.04632568359375, -0.0200653076171875, 0.28369140625, -0.85546875, -0.09014892578125, -1.0302734375, 0.289794921875, -0.5068359375, -0.0096588134765625, 0.382568359375, 0.54052734375, 0.14892578125, 0.389892578125, 0.1363525390625, 0.0019073486328125, 0.07330322265625, 0.2340087890625, 0.09259033203125, 0.91455078125, -0.5341796875, -0.55419921875, -0.005279541015625, 0.143310546875, 0.10028076171875, -0.5458984375, -0.08148193359375, 0.19873046875, -0.364990234375, -0.2362060546875, -0.5703125, -0.4150390625, 0.0188446044921875, 0.12298583984375, -0.53271484375, 0.51904296875, -0.236083984375, -0.358154296875, 0.2291259765625, -0.1053466796875, -0.316162109375, 0.1290283203125, 0.505859375, 0.2010498046875, 0.4169921875, 0.253662109375, 0.2059326171875, 0.296630859375, 0.5654296875, 0.12030029296875, 0.6904296875, 0.59130859375, -0.168212890625, -0.21484375, -0.208251953125, -0.318603515625, 0.05584716796875, -0.72412109375, 0.64208984375, 0.205078125, -1.275390625, 0.0244140625, -0.411865234375, 0.55859375, 0.294189453125, 0.5830078125, -0.288818359375, 0.438720703125, 0.1639404296875, -0.79443359375, -0.81005859375, 0.026763916015625, -0.59375, 0.1688232421875, 0.7099609375, -0.29150390625, -0.343505859375, 0.82666015625, 0.07757568359375, 0.18212890625, 0.186279296875, 0.01334381103515625, 0.4150390625, 0.2171630859375, -0.17333984375, 0.52294921875, -0.267578125, 0.2366943359375, 0.33984375, -0.2265625, -0.459716796875, -0.406494140625, 0.30029296875, -1.0888671875, -0.33349609375, -0.10028076171875, -0.095458984375, -0.135986328125, 0.94189453125, -0.408447265625, 1.4033203125, 0.61962890625, 0.19091796875, -0.404541015625, -0.04632568359375, -0.0771484375, 0.73388671875, 0.307861328125, -0.0633544921875, 0.336669921875, 0.9521484375, 0.2025146484375, 0.79931640625, 0.245849609375, -0.059844970703125, 0.34765625, 0.339111328125, -0.56787109375, -0.00311279296875, -0.3056640625, -0.260986328125, -0.230224609375, 0.345703125, 0.1505126953125, 0.198974609375, 0.073486328125, 0.202392578125, -0.474853515625, 0.467041015625, -0.33740234375, -0.168212890625, 0.2353515625, -0.38818359375, 0.0196990966796875, 0.2330322265625, 0.0960693359375, 0.032379150390625, 0.09423828125, -0.73095703125, -0.1834716796875, 0.16796875, -1.2041015625, -0.1475830078125, 0.310546875, 0.947265625, 0.289306640625, -0.443359375, 0.34375, 0.2122802734375, 0.8203125, 0.466796875, -0.55126953125, 0.7802734375, -0.3798828125, -0.69873046875, -0.982421875, 0.5185546875, -0.90380859375, 0.0380859375, -0.1273193359375, 0.171142578125, -0.56201171875, -0.81494140625, 0.1453857421875, -1.19140625, 0.048675537109375, -0.546875, 0.41796875, -0.0924072265625, -0.79150390625, -0.058685302734375, -0.054718017578125, -0.43505859375, 0.178955078125, -0.10595703125, -0.23095703125, 0.685546875, 0.176025390625, 0.152587890625, 0.12078857421875, 0.304931640625, 0.1654052734375, -0.88525390625, -0.365478515625, 0.67626953125, -0.051605224609375, -0.292724609375, -0.3837890625, -0.045135498046875, 0.68017578125, -0.6005859375, 0.15625, -0.39990234375, 0.08203125, 0.19921875, -0.42236328125, -0.2880859375, 0.092041015625, 0.1492919921875, -0.09588623046875, 0.1956787109375, 0.323486328125, -0.2186279296875, -0.0143280029296875, 0.352783203125, 0.08306884765625, 0.130126953125, -0.5048828125, -0.28564453125, 0.67919921875, -0.1380615234375, 0.5732421875, -0.342041015625, 0.28759765625, -1.1640625, -0.1697998046875, 0.477783203125, 0.286376953125, 0.358642578125, -0.71337890625, -0.39306640625, 0.55322265625, -0.466796875, 1.0888671875, 0.28466796875, -0.086181640625, 0.182373046875, -0.67724609375, 0.246826171875, 0.462646484375, 0.208984375, -0.5078125, 0.14501953125, 0.116943359375, -1.248046875, -0.366943359375, -0.022247314453125, -0.493408203125], \"coordinate\": [82, 100, 219, 219]}', 'http://192.168.2.233:8445/image/jpg/2.jpg', 0, '2021-06-08 19:30:35');
INSERT INTO `user` VALUES (3, '张俊辉', '{\"feature\": [-2.484375, 0.3583984375, 0.37255859375, 0.28857421875, 0.6015625, 0.5732421875, 0.8046875, 1.775390625, 2.48828125, 0.298583984375, 0.52392578125, 2.703125, 0.75732421875, 3.427734375, 1.724609375, -0.9501953125, -0.9384765625, -1.7822265625, -0.374267578125, -0.489501953125, 0.78466796875, 1.3388671875, 1.4228515625, -1.220703125, 1.3720703125, -0.09552001953125, -0.67919921875, -2.064453125, -2.412109375, -0.75244140625, 0.7509765625, 0.6181640625, 0.4853515625, -0.1964111328125, 0.923828125, 1.603515625, 1.1767578125, -0.9267578125, -1.109375, -0.404541015625, -0.6669921875, 1.01171875, -0.08740234375, -0.52978515625, -1.3310546875, -0.8037109375, -2.52734375, -0.9443359375, -1.998046875, 0.2421875, -0.491943359375, 2.12890625, 0.4091796875, -0.67333984375, 0.9248046875, -0.41650390625, 2.193359375, -1.5244140625, 0.830078125, 0.220458984375, 2.056640625, 0.42236328125, 0.93310546875, -2.26953125, 1.845703125, 0.07562255859375, -1.267578125, 0.353515625, -0.90869140625, -0.57763671875, -1.7548828125, -0.32666015625, -2.17578125, 1.2431640625, 1.73046875, 1.294921875, 0.869140625, 1.6884765625, 0.0162200927734375, 3.29296875, 0.2197265625, 0.6708984375, 0.68505859375, -1.7880859375, 0.75341796875, 2.201171875, 0.86767578125, -2.34765625, -1.3955078125, -0.99560546875, -1.44921875, 1.3857421875, -2.67578125, -0.1424560546875, 2.4765625, 1.80078125, 1.5986328125, -1.2734375, 2.228515625, 0.4755859375, 0.484130859375, 0.98291015625, 1.0576171875, -0.35791015625, 0.431884765625, 0.68701171875, -0.65869140625, 0.71337890625, -0.09381103515625, 0.04168701171875, 1.3359375, -1.076171875, -2.408203125, 2.021484375, -2.828125, 2.078125, 0.173095703125, -0.74560546875, -0.94091796875, -0.76611328125, 0.69287109375, -1.3955078125, 0.7861328125, 1.3154296875, 2.357421875, 3.181640625, 0.830078125, -0.4384765625, 0.325439453125, 0.61865234375, 0.0229644775390625, 0.63427734375, -2.3515625, 0.07403564453125, 2.111328125, -2.072265625, -0.285400390625, 0.386474609375, 1.9990234375, -2.087890625, -0.386962890625, 0.07830810546875, 0.5048828125, -1.14453125, 3.9765625, 1.7216796875, 0.8935546875, 1.060546875, 0.468017578125, 0.5546875, 1.083984375, -0.76904296875, 0.200439453125, 1.666015625, -0.426513671875, 0.077392578125, 1.0556640625, -1.9248046875, -2.990234375, -2.751953125, -0.246826171875, 1.4482421875, -1.5390625, 1.927734375, -0.89990234375, -1.24609375, 0.278564453125, 2.72265625, -1.8720703125, -0.286376953125, 1.4638671875, -1.3193359375, 1.056640625, -0.1175537109375, 1.3935546875, -1.697265625, -2.33203125, -1.5146484375, 0.14404296875, 1.1826171875, 3.53515625, -2.3046875, -1.2294921875, 0.481689453125, 2.064453125, 0.794921875, 1.970703125, 0.802734375, -1.517578125, 0.10064697265625, -0.09210205078125, -2.298828125, -0.09954833984375, 0.463623046875, -0.89111328125, 1.529296875, -0.3203125, 2.00390625, 1.9951171875, -1.0576171875, -2.005859375, -1.51953125, 1.126953125, -0.341796875, 0.42431640625, 1.3212890625, 0.9453125, -0.444580078125, 0.250732421875, -1.7587890625, 0.282470703125, -0.43798828125, -1.0927734375, -0.94970703125, -0.77880859375, -1.8349609375, -1.423828125, 2.1953125, 0.3779296875, 1.5322265625, -0.8154296875, -0.728515625, 0.2235107421875, 1.19921875, 2.40234375, 3.40234375, -1.1376953125, -0.67626953125, 1.375, -0.84326171875, -0.362060546875, 0.9560546875, -0.603515625, 3, -1.0947265625, 0.5849609375, 0.4375, 0.9599609375, 0.10711669921875, -0.7685546875, -0.271728515625, -2.7109375, -0.017913818359375, 0.275146484375, -0.16552734375, -1.16796875, 0.6435546875, -0.9169921875, 1.5185546875, 1.888671875, 0.90087890625, 3.203125, 1.30078125, 1.693359375, -0.939453125, 1.376953125, -1.0517578125, -1.283203125, 3.494140625, 2.322265625, -0.9208984375, -0.1475830078125, -0.252197265625, -1.2705078125, -1.326171875, 0.321533203125, -0.724609375, -0.275390625, -1.3642578125, -2.703125, 0.242431640625, 1.0556640625, -0.130126953125, -1.2841796875, 1.7724609375, -0.853515625, -0.42919921875, 0.12939453125, -0.153564453125, -0.28466796875, -0.12408447265625, -0.40966796875, 0.65869140625, 1.8349609375, 2.00390625, 2.529296875, -0.06524658203125, 1.2939453125, 0.81201171875, -1.892578125, -0.6201171875, 0.058135986328125, -0.09686279296875, 2.71484375, -1.3466796875, 0.5927734375, -0.2108154296875, -1.0439453125, -0.12274169921875, 2.017578125, -0.204345703125, -2.158203125, 3.513671875, -0.439453125, -0.83251953125, 0.8505859375, 1.7744140625, -0.7783203125, 0.306884765625, 1.0615234375, 2.138671875, -0.310791015625, -1.1279296875, -2.451171875, 2.189453125, -1.529296875, -0.07281494140625, 0.3505859375, -0.0163421630859375, -2.541015625, -0.8037109375, 0.94091796875, -1.814453125, -0.52099609375, -1.3974609375, -3.00390625, -2.203125, -0.0723876953125, -1.65234375, 2.681640625, -0.1658935546875, 1.349609375, -0.033721923828125, -0.394287109375, -1.9013671875, 0.04351806640625, 1.205078125, 1.375, 0.6396484375, -1.943359375, -0.299072265625, -0.865234375, -0.3388671875, -0.33056640625, 1.3486328125, -0.2459716796875, -2.416015625, -0.56982421875, -0.53076171875, 0.00008571147918701172, 1.33984375, -1.2197265625, 0.0278167724609375, -1.8173828125, 0.44140625, 0.87548828125, -0.625, -0.66943359375, -2.029296875, 0.6953125, 2.732421875, -0.01197052001953125, 0.315673828125, 1.08984375, -1.08984375, -0.98095703125, -1.33203125, -1.3310546875, 1.9521484375, -3.109375, 0.0811767578125, -0.68115234375, -1.8603515625, -0.473876953125, -1.091796875, -0.67529296875, -1.751953125, -3.12890625, 2.12109375, 0.9833984375, 0.039825439453125, 0.70458984375, 0.420166015625, -0.8671875, -0.0122528076171875, -1.8134765625, -0.638671875, -1.2275390625, -2.1796875, -0.53076171875, 1.427734375, -0.08685302734375, 2.345703125, -0.53466796875, -0.88232421875, -1.66015625, -1.3662109375, 1.4912109375, -1.845703125, -0.08319091796875, 1.498046875, 1.51953125, -0.354248046875, 0.97607421875, 2.791015625, -0.146240234375, 0.08721923828125, 1.0810546875, 0.3623046875, -1.38671875, -1.9306640625, 0.62841796875, 3.796875, -1.1025390625, 1.1845703125, -0.7314453125, 2.396484375, 0.18017578125, -0.322021484375, -2.455078125, -2.31640625, 1.00390625, 0.350341796875, -1.404296875, -0.4697265625, -0.79345703125, -1.2490234375, -2.37109375, -0.50732421875, 0.3017578125, 2.400390625, -1.1669921875, 1.4013671875, -2.779296875, 0.52734375, -0.28271484375, 2.0703125, -0.66845703125, -1.05078125, -1.521484375, -1.6220703125, 2.314453125, -0.57470703125, -0.01593017578125, -0.0401611328125, 1.3232421875, -0.14794921875, -0.1649169921875, -3.45703125, -1.544921875, -1.1279296875, -0.269775390625, 1.1064453125, -0.7578125, 0.82861328125, 3.423828125, 1.9365234375, 0.7451171875, 3.142578125, 1.619140625, 0.9853515625, 0.2587890625, 1.427734375, 0.271728515625, -0.207763671875, 0.42041015625, 2.884765625, 0.83642578125, -0.261962890625, -2.447265625, 1.2587890625, 0.6708984375, 0.04168701171875, -1.7734375, 0.74267578125, -0.65234375, 1.8623046875, -0.47314453125, 0.8271484375, -2.748046875, 2.130859375, 2.025390625, 0.5009765625, 0.513671875, 0.0921630859375, 0.64013671875, -3.091796875, -1.197265625, -2.392578125, -1.572265625, 0.60791015625, -0.0285797119140625, 2.017578125, -1.7509765625, -0.90576171875, -1.9921875, -0.60595703125, 3.669921875, -2.1640625, -1.033203125, 1.09765625, -1.5654296875, 0.77734375, 1.15625, -1.5234375, 3.68359375, 0.3203125, 0.71044921875, 0.517578125, -2.900390625, -1.2216796875, 1.3447265625, 0.71142578125, -1.14453125, 0.1544189453125, -0.25732421875, 0.1815185546875, -1.544921875, -0.66064453125, 0.74853515625, -0.356201171875, -0.35595703125, 0.1107177734375, -0.223388671875, 0.460693359375, 0.364990234375, 0.32080078125, -0.3310546875, 0.08648681640625, 0.332763671875, -1.3291015625, 0.572265625, -0.0279541015625, -0.71044921875, 0.08355712890625, -0.77197265625, 0.197021484375, 0.3271484375, 0.0137786865234375, -0.2410888671875, -0.0096893310546875, -0.4013671875, -2.0078125, 0.8115234375, 0.332275390625, -0.65966796875, 0.35888671875, 0.154541015625, 1.1572265625, 1.150390625, -1.0986328125, -1.53515625, -0.60498046875, 0.9716796875, -0.02337646484375, -0.6015625, -0.280029296875, -0.11627197265625, -0.73486328125, 2.1015625, 1.15625, -0.294189453125, 0.027130126953125, 0.16455078125, 0.299560546875, 0.386474609375, -0.55224609375, 0.411376953125, 0.2366943359375, -1.775390625, -1.333984375, -0.489501953125, 0.80810546875, 1.2138671875, 0.039825439453125, 1.2890625, -0.41552734375, 0.32470703125, -0.95947265625, -1.400390625, 0.13916015625, 2.123046875, -0.82275390625, -0.9853515625, -1.103515625, 1.1875, -0.414794921875, -0.242919921875, -1.0341796875, -0.9326171875, -0.90234375, -0.2301025390625, 0.1663818359375, -0.232177734375, -1.62109375, -0.798828125, 0.74658203125, -0.755859375, 0.333984375, 0.8828125, -0.43505859375, 1.142578125, 1.046875, 0.64794921875, 0.58447265625, -0.005970001220703125, 1.869140625, -0.583984375, -0.86376953125, 1.533203125, 0.748046875, -0.3828125, -0.346923828125, 0.3759765625, 0.04327392578125, -1.220703125, -0.11724853515625, -0.84375, 0.65966796875, -0.2027587890625, 0.8896484375, -1.0478515625, -1.005859375, -0.74267578125, -0.56787109375, 0.2255859375, -0.1983642578125, -0.8212890625, -1.0224609375, -0.66943359375, -1.25390625, -0.0276336669921875, 0.78076171875, -0.63037109375, -0.11920166015625, 0.237060546875, 0.0478515625, -0.214111328125, 1.0498046875, -0.11529541015625, 0.83251953125, 0.2081298828125, 0.1083984375, -0.280029296875, 0.438232421875, 0.50634765625, 0.3271484375, 0.45263671875, -0.4765625, 0.5068359375, -1.3828125, 0.59912109375, -0.1724853515625, 0.6552734375, 0.794921875, -0.65673828125, 0.14111328125, 0.478271484375, 0.72607421875, 0.53271484375, -1.8720703125, 0.453857421875, 0.6611328125, -0.61962890625, 1.0400390625, 0.23095703125, 0.0262451171875, -1.4169921875, 0.133056640625, 0.8916015625, -0.27099609375, -1.09765625, -0.034088134765625, -0.0026721954345703125, 0.62255859375, -0.5791015625, 0.51953125, 0.2587890625, -0.951171875, -0.1661376953125, 1.66796875, -0.054901123046875, -1.0986328125, -0.10113525390625, 0.46630859375, 0.357421875, -0.89990234375, 0.2398681640625, 1.056640625, -1.5771484375, -0.2137451171875, 0.06866455078125, 0.14599609375, 0.0222320556640625, 0.193603515625, -1.20703125, -0.4931640625, 0.05377197265625, 0.458251953125, 0.56884765625, 1.5078125, 0.10125732421875, -1.123046875, -0.5146484375, 1.080078125, -0.1026611328125, 0.322265625, 0.72998046875, 0.64990234375, 0.82958984375, -0.383056640625, 0.38720703125, -0.99169921875, 0.55419921875, -0.2237548828125, 1.0791015625, -0.64697265625, -0.1719970703125, 1.4521484375, 0.318115234375, -0.73046875, 0.6552734375, -1.2412109375, -0.6591796875, 1.330078125, -0.95703125, 0.301025390625, 0.52490234375, 0.1566162109375, 0.49169921875, -1.412109375, 0.0908203125, 0.482177734375, 0.307861328125, 0.66259765625, 0.96826171875, 0.61181640625, 0.191162109375, -0.7109375, 0.363037109375, 0.197265625, -1.240234375, -1.5029296875, 0.383056640625, -0.59326171875, -1.126953125, -0.71923828125, 0.28564453125, -0.1727294921875, 0.58837890625, -0.8134765625, -0.420166015625, -0.81201171875, -0.373291015625, -0.450439453125, 0.56591796875, 0.01174163818359375, -0.02728271484375, 0.2413330078125, -0.38037109375, 0.327880859375, 0.93017578125, -0.25146484375, 0.032562255859375, 0.39453125, -0.89599609375, -0.81005859375, 1.130859375, -0.2919921875, 0.05963134765625, 1.109375, -1.435546875, -0.316650390625, 0.98779296875, 0.78076171875, 0.0008873939514160156, 0.04583740234375, 0.34423828125, 0.74853515625, -0.13671875, -0.89013671875, -0.224609375, -0.2391357421875, 0.0228271484375, 0.55859375, 0.1781005859375, 0.859375, -0.341064453125, 0.8515625, 1.400390625, -0.202880859375, 0.59521484375, -0.8037109375, 2.189453125, 0.7734375, 0.0849609375, 0.24072265625, 1.708984375, 0.053131103515625, 0.015625, -0.405517578125, 0.732421875, -1.046875, 1.8251953125, 0.11016845703125, -0.83056640625, -0.79248046875, 0.1295166015625, -0.08587646484375, 0.35498046875, -0.78369140625, -0.658203125, -0.0452880859375, -0.1279296875, -0.9609375, -0.334228515625, 0.25634765625, -0.00371551513671875, 0.352783203125, -0.5556640625, -0.68994140625, 0.2293701171875, -1.169921875, 0.394287109375, 0.5107421875, -0.74609375, -0.71435546875, -0.77587890625, 1.609375, 0.12237548828125, -1.390625, 1.3232421875, 0.3291015625, 1.5712890625, 0.55224609375, 0.062042236328125, 0.73046875, 0.8681640625, 0.6875, -0.29541015625, 0.426513671875, 0.1270751953125, 0.331787109375, -0.96533203125, -0.150146484375, -1.1328125, 0.1837158203125, 0.184326171875, 0.765625, 0.5966796875, 0.5400390625, 1.103515625, 0.59375, 1.2900390625, 0.48681640625, 0.1756591796875, -0.028472900390625, 0.145751953125, -0.939453125, 0.12420654296875, 1.119140625, -0.77099609375, -0.41259765625, 0.96826171875, 0.2464599609375, 0.4892578125, -0.10821533203125, 0.11724853515625, -0.2159423828125, 0.2440185546875, -0.7373046875, -0.01473236083984375, -0.91064453125, -0.623046875, 0.81591796875, -0.6201171875, -1.7333984375, -0.407958984375, 0.389404296875, -1.8056640625, -0.4150390625, -0.07623291015625, 1.4482421875, 0.68994140625, -0.05615234375, -0.5869140625, 0.130859375, 0.027130126953125, 0.5830078125, -0.007049560546875, 0.1383056640625, -0.7001953125, 1.021484375, 0.54931640625, -0.87353515625, -0.448974609375, 0.7822265625, -0.791015625, 0.50439453125, 0.234619140625, 1.47265625, 1.6142578125, 0.1343994140625, -0.0816650390625, 0.52734375, -1.7197265625, 0.79443359375, -0.63818359375, 0.71923828125, 0.73486328125, 0.386474609375, -0.308837890625, 1.0341796875, 0.5546875, 0.043487548828125, -0.9130859375, 0.09130859375, -0.362548828125, -0.06622314453125, -0.4541015625, 1.04296875, -0.03985595703125, 0.5478515625, -0.56298828125, -1.3662109375, -0.452880859375, 0.87939453125, -0.2110595703125, -0.460693359375, 0.6494140625, -0.15087890625, -1.513671875, -1.529296875, -0.33056640625, 0.1138916015625, 0.369384765625, -0.060302734375, -0.77490234375, 2.41796875, -0.2705078125, -1.2841796875, -0.392578125, 0.11212158203125, -0.153076171875, 0.87646484375, 0.81884765625, 0.1533203125, -0.5068359375, 0.25927734375, -0.1109619140625, -0.6953125, -1.28125, 0.1561279296875, -0.7705078125, -1.07421875, -0.77978515625, -0.66357421875, -0.7021484375, -0.33447265625, -0.517578125, 0.453369140625, -0.75048828125, 0.152099609375, 1.140625, 0.357421875, -0.53662109375, -1.681640625, 0.48388671875, -1.115234375, 0.1265869140625, -0.150146484375, -0.381591796875, -0.2607421875, 0.36474609375, -0.265380859375, -0.17333984375, -0.59814453125, 0.1641845703125, -1.55859375, 0.1146240234375, 0.449951171875, -0.52294921875, -0.8515625, 0.471435546875, -0.54833984375, 0.12255859375, 0.34619140625, 0.352783203125, -0.90576171875, -1.2958984375, -0.149658203125, -0.8466796875, 0.55810546875, -1.3671875, -0.5791015625, 1.0458984375, -1.2578125, 1.39453125, 0.521484375, -1.3427734375, -0.11322021484375, -1.373046875, 0.619140625, 0.358154296875, -0.81884765625, -0.89453125, 0.62158203125, 1.5634765625, 0.27099609375, 0.80029296875, -0.0775146484375, -0.15380859375, -0.0074920654296875, -0.431396484375, 0.216796875, 1.0380859375, -1.068359375, 0.51708984375, 1.1240234375, -0.32568359375, -0.53076171875, 0.472412109375, -0.90478515625, 1.1513671875], \"coordinate\": [29, 35, 194, 194]}', 'http://192.168.2.233:8445/image/jpg/3.jpg', 0, '2021-06-08 19:35:42');
COMMIT;

-- ----------------------------
-- Table structure for user_device
-- ----------------------------
DROP TABLE IF EXISTS `user_device`;
CREATE TABLE `user_device` (
  `id` int(11) unsigned NOT NULL AUTO_INCREMENT,
  `uid` int(11) unsigned DEFAULT NULL,
  `did` int(11) unsigned DEFAULT NULL,
  PRIMARY KEY (`id`),
  KEY `uid` (`uid`),
  KEY `did` (`did`),
  CONSTRAINT `user_device_ibfk_1` FOREIGN KEY (`uid`) REFERENCES `user` (`id`),
  CONSTRAINT `user_device_ibfk_2` FOREIGN KEY (`did`) REFERENCES `device` (`id`)
) ENGINE=InnoDB AUTO_INCREMENT=3 DEFAULT CHARSET=utf8mb4;

-- ----------------------------
-- Records of user_device
-- ----------------------------
BEGIN;
INSERT INTO `user_device` VALUES (1, 2, 3);
INSERT INTO `user_device` VALUES (2, 3, 3);
COMMIT;

SET FOREIGN_KEY_CHECKS = 1;
